TransactionAmount,CustomerAge,TransactionDuration,Target
14.09,70.0,81.0,1.0
376.24,68.0,141.0,1.0
126.28999999999999,19.0,56.0,0.0
184.5,26.0,25.000000000000004,0.0
13.45,44.67844382691544,198.0,2.0
92.15,18.0,172.0,0.0
7.080000000000001,37.0,139.0,0.0
171.42,67.0,291.0,1.0
106.23,51.0,86.0,2.0
815.96,55.0,120.0,2.0
17.78,52.0,59.00000000000001,2.0
190.02,21.0,173.0,0.0
494.52,24.0,111.0,0.0
781.76,26.0,123.0,0.0
166.99,18.0,134.0,0.0
465.44999999999993,36.0,129.0,0.0
555.8,19.0,158.0,0.0
492.92999999999995,39.0,234.0,0.0
18.68,59.0,106.0,2.0
71.48,18.0,169.0,0.0
59.32,71.0,37.99999999999999,1.0
85.77,38.0,93.0,0.0
52.2,39.0,120.0,0.0
145.54,21.0,96.0,
7.49,65.0,276.0,1.0
40.32,37.0,95.0,0.0
127.45000000000002,44.0,197.0,
56.17,27.0,283.0,0.0
28.310000000000002,59.0,20.0,2.0
59.11999999999999,29.0,257.0,0.0
877.81,22.0,150.0,0.0
255.26,45.0,50.00000000000001,2.0
124.75999999999999,49.0,45.0,
78.13,26.0,145.0,0.0
335.63,55.0,215.99999999999997,2.0
328.47,63.0,119.0,1.0
34.02,38.0,18.999999999999996,0.0
241.42,57.0,116.00000000000001,
55.32,19.0,117.0,
304.31,27.0,33.0,0.0
435.27,74.0,90.0,1.0
164.49,26.0,75.0,0.0
510.24,19.0,105.0,0.0
626.9,26.0,138.0,0.0
22.01,41.0,175.0,2.0
425.34,69.0,121.0,1.0
424.56,51.0,264.0,2.0
85.43,67.0,145.0,1.0
169.5,28.0,142.0,0.0
104.63,62.0,90.0,1.0
316.95,25.0,83.0,0.0
60.54,57.0,52.00000000000001,2.0
292.56,68.0,61.00000000000001,1.0
386.52,48.0,28.0,2.0
112.07,23.0,51.00000000000001,0.0
568.52,46.0,151.99999999999997,2.0
349.64,48.0,226.0,2.0
601.4,56.0,104.0,2.0
5.77,50.0,123.99999999999999,2.0
201.33,42.0,186.0,2.0
298.42,56.0,225.0,2.0
521.06,25.0,128.0,
117.27999999999999,60.0,16.0,1.0
189.12,32.0,103.0,0.0
133.55,44.0,220.0,2.0
143.21,35.0,135.0,0.0
24.77,62.0,55.0,1.0
233.91999999999996,26.0,280.0,0.0
232.12,37.0,51.00000000000001,0.0
91.53,44.0,69.00000000000001,2.0
120.29000000000002,19.0,77.0,0.0
174.25,50.0,67.0,2.0
183.71,38.0,102.0,0.0
345.39,58.0,80.0,2.0
259.91,49.0,170.0,
154.71,34.0,157.0,0.0
24.56,64.0,69.00000000000001,
568.07,48.0,115.0,2.0
9.61,58.0,179.0,2.0
392.96,24.0,100.00000000000001,0.0
716.93,60.0,34.0,1.0
230.65999999999997,21.0,135.0,0.0
644.17,29.0,72.0,
508.68000000000006,51.0,127.0,2.0
858.63,27.0,185.0,0.0
25.36,57.0,78.0,
147.62,71.0,133.0,1.0
115.02,37.0,175.0,0.0
383.37,30.0,24.0,0.0
98.54,20.0,167.0,0.0
83.24,55.0,164.0,2.0
196.16,27.0,146.0,
129.94,32.0,235.0,0.0
306.9,46.0,51.00000000000001,
114.97999999999999,59.0,80.0,2.0
756.59,27.0,17.0,0.0
503.76,22.0,35.0,0.0
143.03,63.0,147.0,1.0
245.54,25.0,180.0,0.0
254.37000000000003,51.0,174.0,2.0
213.76,78.0,282.0,1.0
327.86,40.0,104.0,2.0
2.5,47.0,107.0,2.0
300.08,68.0,47.0,1.0
407.65,26.0,61.99999999999999,0.0
115.83,39.0,167.0,0.0
53.57,69.0,121.0,1.0
63.34000000000001,46.0,165.0,2.0
317.87,27.0,91.0,0.0
331.65,41.0,61.00000000000001,2.0
5.04,56.0,41.0,
214.54,70.0,247.0,1.0
598.81,57.0,158.0,2.0
841.28,26.0,80.0,0.0
38.15,26.0,107.99999999999999,0.0
124.72,33.0,105.0,0.0
302.45,78.0,40.0,1.0
208.04,47.0,273.0,
5.77,23.0,254.0,0.0
381.33,56.0,75.0,2.0
16.16,50.0,123.99999999999999,2.0
486.08,18.0,68.00000000000001,0.0
336.39,21.0,18.0,0.0
234.57,23.0,120.0,0.0
6.0,30.0,246.0,0.0
227.13999999999996,18.0,294.0,0.0
233.74,66.0,17.0,1.0
45.85,20.0,91.99999999999999,0.0
415.5,66.0,141.0,1.0
265.76,54.0,91.99999999999999,
69.4,80.0,113.0,1.0
332.93,35.0,293.0,0.0
267.9,20.0,160.0,0.0
496.03,61.0,265.0,1.0
376.26,37.0,245.0,0.0
83.02,36.0,171.0,0.0
93.26,20.0,72.0,0.0
803.37,68.0,129.0,1.0
35.76,23.0,122.0,
28.529999999999998,62.0,99.0,1.0
139.53,53.0,177.0,2.0
307.57,33.0,285.0,
60.650000000000006,56.0,53.00000000000001,2.0
74.86,70.0,125.0,1.0
231.91,34.0,165.0,
126.21,75.0,268.0,1.0
304.35,31.0,36.0,
281.85,22.0,109.0,
777.88,31.0,17.0,0.0
119.17999999999999,56.0,96.0,2.0
177.19,76.0,43.0,1.0
260.88,22.0,36.0,0.0
169.47,24.0,18.999999999999996,0.0
73.23,26.0,14.0,0.0
792.57,19.0,164.0,0.0
237.06000000000003,71.0,45.99999999999999,1.0
34.17,54.0,53.99999999999999,2.0
740.25,41.0,123.0,2.0
453.53999999999996,58.0,82.0,2.0
300.47,73.0,100.00000000000001,1.0
110.93,19.0,201.0,0.0
201.69,59.0,299.0,2.0
399.21,59.0,109.0,2.0
630.36,62.0,52.00000000000001,1.0
10.94,60.0,245.0,
215.9,38.0,235.0,0.0
226.37,49.0,141.0,2.0
444.89,43.0,101.0,
280.57,25.0,24.0,0.0
488.54,52.0,132.0,2.0
3.3,50.0,131.0,2.0
199.39,69.0,165.0,1.0
20.36,62.0,75.0,1.0
113.64,44.67844382691544,32.0,2.0
493.11,53.0,236.0,2.0
307.41,19.0,14.0,0.0
11.18,43.0,161.0,
313.82,59.0,151.0,2.0
140.98,60.0,100.00000000000001,1.0
288.04,68.0,63.0,1.0
800.55,31.0,107.99999999999999,0.0
485.54,46.0,143.0,2.0
521.15,54.0,214.0,2.0
304.93,65.0,158.0,1.0
432.08,40.0,145.0,2.0
694.2,61.0,72.0,1.0
116.86000000000001,55.0,171.0,
74.88,25.0,202.0,0.0
890.24,33.0,161.0,0.0
361.27,63.0,180.0,1.0
131.56,44.0,42.00000000000001,
485.51,76.0,37.0,1.0
547.87,64.0,131.0,1.0
457.3,28.0,15.0,0.0
506.24,58.0,64.0,2.0
486.5899999999999,57.0,119.0,2.0
163.68,41.0,292.0,2.0
581.65,22.0,176.0,0.0
52.01,48.0,85.0,2.0
630.24,21.0,61.99999999999999,0.0
523.74,43.0,159.0,2.0
217.5,46.0,35.0,2.0
91.48,51.0,141.0,2.0
5.25,39.0,49.0,
54.03,56.0,161.0,2.0
736.73,48.0,10.0,2.0
368.91,54.0,14.0,2.0
33.06,53.0,170.0,2.0
66.5,32.0,144.0,0.0
177.08,35.0,85.0,
588.54,32.0,130.0,0.0
173.5,21.0,282.0,0.0
78.33,56.0,189.0,2.0
40.66,59.0,156.0,2.0
97.22,77.0,55.0,
34.07,22.0,81.0,0.0
492.06,23.0,74.0,
842.01,53.0,185.0,
73.55,51.0,158.0,2.0
760.53,57.0,118.0,2.0
273.08,44.67844382691544,134.0,2.0
371.69,67.0,143.0,1.0
218.96,18.0,13.0,0.0
227.38999999999996,18.0,65.0,0.0
237.99,39.0,86.0,0.0
186.6,58.0,13.0,2.0
341.15,18.0,148.0,0.0
434.58,59.0,215.0,2.0
312.88,54.0,44.0,2.0
75.15,23.0,154.0,0.0
23.3,59.0,161.0,2.0
47.38,25.0,61.00000000000001,
512.81,79.0,30.0,1.0
488.15000000000003,43.0,168.00000000000003,2.0
12.82,44.0,156.0,2.0
535.91,43.0,22.0,2.0
270.72,26.0,53.00000000000001,0.0
97.98,72.0,18.0,1.0
196.08,61.0,98.0,1.0
251.18000000000004,42.0,246.0,2.0
44.52,28.0,205.0,0.0
178.87,35.0,180.0,0.0
386.68,46.0,128.0,2.0
167.14,76.0,20.0,1.0
345.22,69.0,253.0,1.0
74.85,72.0,117.0,1.0
671.73,58.0,53.99999999999999,2.0
255.04,45.0,151.99999999999997,2.0
45.77,25.0,109.0,0.0
329.69,26.0,66.0,0.0
11.92,53.0,52.00000000000001,2.0
47.42,64.0,28.0,1.0
35.99,63.0,129.0,1.0
151.19,37.0,96.0,0.0
242.62,22.0,234.0,0.0
48.72,21.0,17.0,0.0
43.46,25.0,80.0,0.0
443.79,53.0,87.0,2.0
365.14,68.0,57.0,1.0
757.41,22.0,37.0,0.0
20.54,51.0,72.0,2.0
475.36,34.0,105.0,0.0
34.74,56.0,24.0,2.0
689.54,27.0,93.0,0.0
211.18,73.0,90.0,1.0
211.36,51.0,286.0,2.0
744.41,39.0,107.0,
61.43,24.0,170.0,0.0
167.44,37.0,82.0,0.0
361.46,21.0,83.0,0.0
378.85,78.0,126.0,1.0
241.11,30.0,55.0,0.0
131.93,31.0,13.0,0.0
20.28,36.0,213.0,0.0
415.88,70.0,170.0,
100.66,50.0,144.0,2.0
485.54,19.0,148.0,0.0
321.15,46.0,179.0,2.0
711.3,21.0,51.00000000000001,0.0
12.23,42.0,139.0,2.0
350.94,20.0,64.0,0.0
301.85,54.0,25.000000000000004,2.0
29.34,65.0,30.0,1.0
231.71,27.0,148.0,
179.43,58.0,244.0,2.0
36.71,48.0,55.0,2.0
138.12,53.0,281.0,2.0
233.24,33.0,72.0,0.0
609.14,39.0,177.0,0.0
436.64,31.0,111.0,0.0
870.43,29.0,55.0,0.0
354.4,74.0,128.0,
22.63,53.0,112.0,2.0
182.19,26.0,53.00000000000001,0.0
126.81,26.0,290.0,0.0
288.17,37.0,50.00000000000001,0.0
118.76999999999998,55.0,123.0,2.0
651.82,21.0,166.0,0.0
66.65,37.0,33.0,0.0
98.53,69.0,166.0,1.0
138.95,71.0,30.0,1.0
33.89,26.0,177.0,0.0
23.71,58.0,164.0,2.0
26.06,65.0,283.0,1.0
17.07,27.0,44.0,0.0
703.89,46.0,61.99999999999999,2.0
26.55,77.0,228.0,1.0
147.4,42.0,259.0,2.0
202.11,27.0,18.0,0.0
308.42,75.0,39.0,1.0
11.18,53.0,144.0,
294.15,38.0,136.0,
139.45,27.0,30.999999999999996,0.0
432.63,29.0,137.0,0.0
131.43,43.0,65.0,2.0
516.72,42.0,128.0,2.0
374.5,26.0,178.0,0.0
166.13,68.0,227.0,1.0
626.9,23.0,146.0,0.0
466.85,56.0,165.0,2.0
788.84,58.0,231.0,2.0
525.28,69.0,134.0,1.0
110.17,30.0,137.0,0.0
632.69,80.0,75.99999999999999,1.0
124.34999999999998,72.0,90.0,1.0
43.85,62.0,122.0,1.0
283.81,28.0,29.000000000000004,0.0
168.53,71.0,112.0,1.0
218.59,40.0,123.0,2.0
132.84,21.0,143.0,0.0
157.37,42.0,289.0,2.0
144.77,20.0,159.0,0.0
643.22,64.0,93.0,1.0
208.07,32.0,36.0,0.0
295.5,59.0,36.0,2.0
30.23,44.0,99.0,2.0
112.05,26.0,159.0,0.0
180.24,58.0,144.0,2.0
13.71,38.0,148.0,0.0
96.54,58.0,95.0,2.0
79.35,67.0,70.0,
101.04,27.0,160.0,0.0
74.42,49.0,68.00000000000001,2.0
39.66,52.0,169.0,2.0
99.36,40.0,45.99999999999999,
123.85,56.0,244.0,2.0
426.93,19.0,247.99999999999997,0.0
133.73,25.0,123.0,0.0
222.39,49.0,73.0,2.0
215.94,22.0,140.0,0.0
826.23,29.0,209.0,0.0
131.46,67.0,258.0,
202.86,61.0,149.0,1.0
268.39,26.0,171.0,0.0
137.35,40.0,220.0,2.0
712.75,44.0,25.000000000000004,2.0
353.82,42.0,143.0,
507.24999999999994,44.67844382691544,143.0,2.0
212.74,27.0,128.0,0.0
364.42,51.0,146.0,2.0
195.12,46.0,144.0,2.0
230.61,80.0,204.0,1.0
739.28,58.0,47.0,
390.35,64.0,61.00000000000001,1.0
242.03,58.0,123.99999999999999,2.0
242.39000000000001,18.0,271.0,0.0
135.03,23.0,180.0,0.0
193.54,80.0,267.0,1.0
617.36,29.0,61.00000000000001,0.0
775.23,59.0,37.99999999999999,2.0
266.57,72.0,100.00000000000001,1.0
153.4,45.0,144.0,2.0
5.12,34.0,90.0,0.0
119.11000000000001,57.0,131.0,2.0
119.71999999999998,30.0,123.0,0.0
107.4,58.0,32.0,
115.92,53.0,57.0,2.0
438.04,67.0,247.0,
677.29,27.0,287.0,0.0
296.0,35.0,247.99999999999997,0.0
299.09,36.0,84.00000000000001,0.0
461.5199999999999,24.0,44.0,0.0
100.52,50.0,110.0,2.0
85.35,66.0,166.0,1.0
79.76,39.0,170.0,0.0
778.49,75.0,107.0,1.0
386.38,42.0,135.0,2.0
165.25,35.0,106.0,0.0
14.29,34.0,150.0,0.0
232.79,55.0,145.0,2.0
293.97,68.0,153.0,1.0
136.32,19.0,113.0,0.0
251.05999999999997,36.0,34.0,0.0
50.17,77.0,35.0,1.0
21.4,34.0,258.0,
73.28,21.0,21.000000000000004,0.0
70.23,38.0,260.0,
689.29,22.0,100.00000000000001,0.0
745.03,28.0,231.0,0.0
54.61,58.0,160.0,2.0
54.05,27.0,146.0,
107.47,67.0,144.0,1.0
219.63,48.0,44.0,2.0
188.7,44.67844382691544,123.0,2.0
93.52,51.0,97.0,2.0
275.92,62.0,107.0,1.0
376.79,68.0,265.0,1.0
8.98,66.0,56.0,1.0
697.32,68.0,91.0,1.0
17.45,18.0,88.0,0.0
442.74,23.0,136.0,0.0
623.9,27.0,249.0,0.0
63.41,26.0,36.0,0.0
346.85,44.0,88.0,2.0
71.95,59.0,53.00000000000001,
7.499999999999999,63.0,36.0,1.0
206.46,65.0,279.0,1.0
423.11,60.0,47.0,1.0
35.84,54.0,172.0,2.0
88.6,28.0,105.0,0.0
22.46,54.0,78.0,
334.89,21.0,260.0,0.0
319.27,54.0,59.00000000000001,2.0
144.3,18.0,88.0,
348.7,69.0,149.0,1.0
366.21,62.0,181.0,1.0
99.11,55.0,12.0,2.0
539.35,55.0,127.0,2.0
188.99,58.0,91.99999999999999,2.0
710.14,26.0,227.0,0.0
308.68,53.0,170.0,2.0
166.68,57.0,139.0,2.0
0.99,44.67844382691544,133.0,2.0
66.58,23.0,79.0,0.0
223.43,77.0,178.0,1.0
659.95,60.0,114.0,1.0
634.86,27.0,45.0,0.0
286.5,30.0,60.00000000000001,0.0
322.96,76.0,168.00000000000003,1.0
654.48,19.0,114.0,0.0
157.97,48.0,140.0,
120.89999999999999,40.0,52.00000000000001,
254.77,57.0,57.0,2.0
795.96,65.0,119.0,1.0
149.25,39.0,142.0,0.0
3.42,43.0,158.0,2.0
68.19,40.0,189.0,2.0
493.41999999999996,39.0,111.0,0.0
37.57,57.0,42.00000000000001,2.0
96.89,59.0,53.00000000000001,2.0
448.33,25.0,161.0,0.0
8.65,48.0,273.0,2.0
539.81,46.0,177.0,2.0
363.53,63.0,142.0,1.0
64.9,51.0,72.0,
358.18,18.0,157.0,0.0
167.2,30.0,84.00000000000001,0.0
121.91,60.0,133.0,1.0
137.57,54.0,70.0,2.0
534.62,55.0,45.0,2.0
463.91999999999996,50.0,199.0,2.0
320.14,60.0,96.0,1.0
214.93,28.0,52.00000000000001,0.0
660.02,20.0,84.00000000000001,
345.81,40.0,135.0,2.0
143.54,71.0,80.0,1.0
42.55,53.0,29.000000000000004,
541.79,22.0,125.0,0.0
40.57,26.0,63.0,0.0
498.67,28.0,244.0,0.0
227.21999999999997,53.0,220.0,2.0
56.94,76.0,74.0,1.0
629.82,68.0,159.0,1.0
59.44,35.0,176.0,0.0
186.69,30.0,53.99999999999999,0.0
230.46000000000004,19.0,179.0,
65.09,44.0,159.0,
457.0899999999999,55.0,63.0,2.0
552.02,44.0,100.00000000000001,2.0
377.12,34.0,61.00000000000001,0.0
204.56,18.0,179.0,0.0
420.28,35.0,144.0,0.0
124.59000000000002,27.0,171.0,0.0
73.88,39.0,34.0,0.0
245.93,54.0,172.0,2.0
622.41,64.0,125.0,1.0
43.73,34.0,145.0,
2.03,33.0,28.0,0.0
770.65,31.0,137.0,0.0
260.31,63.0,113.0,1.0
356.1,26.0,187.0,0.0
27.07,80.0,39.0,
119.89,67.0,60.00000000000001,1.0
106.39,37.0,281.0,0.0
12.04,37.0,58.00000000000001,0.0
29.38,28.0,63.0,0.0
319.85,60.0,148.0,1.0
350.14,75.0,37.99999999999999,1.0
163.94,52.0,73.0,2.0
170.53,24.0,58.00000000000001,0.0
262.22,40.0,136.0,2.0
41.49,24.0,13.0,0.0
121.43000000000002,52.0,243.0,2.0
350.46,51.0,165.0,2.0
220.41,26.0,155.0,0.0
33.46,72.0,111.0,1.0
104.79,70.0,223.0,1.0
246.27,29.0,141.0,0.0
48.85,19.0,176.0,
332.0,69.0,17.0,1.0
118.09999999999998,54.0,167.0,2.0
84.59,67.0,10.0,
295.64,21.0,82.0,0.0
514.33,25.0,160.0,
94.59,39.0,34.0,0.0
80.43,59.0,157.0,2.0
54.25,68.0,37.0,1.0
518.85,22.0,82.0,0.0
10.65,54.0,161.0,2.0
198.62,27.0,84.00000000000001,0.0
107.03,27.0,73.0,0.0
346.11,41.0,213.0,2.0
138.06,44.0,159.0,2.0
158.02,49.0,120.0,2.0
830.01,66.0,96.0,1.0
435.5,55.0,112.0,2.0
110.49,57.0,48.0,2.0
329.4,34.0,68.00000000000001,0.0
635.4,47.0,106.0,2.0
769.97,22.0,22.999999999999996,
175.07,26.0,169.0,0.0
7.309999999999999,78.0,282.0,1.0
56.12,30.0,102.0,
424.7,56.0,178.0,2.0
35.73,65.0,87.0,1.0
3.44,78.0,107.99999999999999,
139.03,50.0,81.0,2.0
254.91999999999996,28.0,169.0,0.0
115.11,28.0,139.0,0.0
171.11,57.0,171.0,2.0
408.46,64.0,28.0,1.0
342.17,21.0,247.0,0.0
580.71,53.0,95.0,2.0
821.54,79.0,36.0,1.0
253.47,20.0,238.0,0.0
22.81,62.0,75.0,1.0
266.57,39.0,96.0,0.0
374.61,75.0,37.0,
339.35,78.0,70.0,1.0
810.36,20.0,67.0,0.0
9.83,24.0,86.0,
135.57,51.0,116.00000000000001,
340.05,43.0,37.0,2.0
283.45,27.0,127.0,0.0
100.99,68.0,114.0,1.0
90.88,18.0,176.0,
655.15,26.0,264.0,0.0
320.55,50.0,118.0,2.0
41.51,28.0,48.0,0.0
71.53,68.0,39.0,1.0
467.13,54.0,45.0,2.0
235.39999999999998,28.0,70.0,0.0
159.32,18.0,100.00000000000001,0.0
50.83,30.0,48.0,0.0
56.89,59.0,56.0,
20.22,43.0,138.0,2.0
50.4,36.0,84.00000000000001,0.0
73.88,53.0,131.0,2.0
119.61,33.0,53.00000000000001,0.0
116.58000000000001,43.0,247.0,2.0
391.96,64.0,79.0,1.0
156.26,46.0,160.0,2.0
427.0,49.0,163.0,2.0
443.68,18.0,137.0,0.0
101.76,31.0,26.0,0.0
67.57,37.0,107.0,0.0
326.29,56.0,179.0,2.0
158.56,33.0,100.00000000000001,0.0
56.02,27.0,142.0,0.0
288.28,27.0,36.0,0.0
245.67,24.0,107.0,0.0
114.35,41.0,21.000000000000004,2.0
373.27,61.0,79.0,1.0
504.63,60.0,168.00000000000003,1.0
820.15,47.0,181.0,
8.37,63.0,135.0,1.0
197.49,53.0,30.0,2.0
637.97,58.0,90.0,2.0
13.52,26.0,65.0,
432.1,49.0,240.0,2.0
642.68,50.0,94.0,2.0
78.44,52.0,292.0,2.0
139.72,49.0,201.0,2.0
499.99,31.0,296.0,
10.07,24.0,49.0,
120.62000000000002,23.0,85.0,0.0
578.49,59.0,180.0,2.0
280.92,41.0,168.00000000000003,2.0
42.42,21.0,102.0,0.0
77.03,67.0,259.0,1.0
22.59,62.0,45.0,1.0
568.76,51.0,155.0,2.0
105.94,51.0,207.0,2.0
350.15,21.0,195.0,0.0
183.67,19.0,238.0,0.0
278.27,29.0,123.0,0.0
470.3,40.0,88.0,
261.69,53.0,84.00000000000001,
365.04,22.0,94.0,
211.1,57.0,136.0,2.0
21.49,58.0,240.0,2.0
63.58,18.0,199.0,
321.86,63.0,167.0,1.0
12.11,75.0,127.0,1.0
642.54,44.0,28.0,
210.45,27.0,146.0,0.0
313.65,55.0,173.0,2.0
99.76,26.0,131.0,0.0
115.32,53.0,113.0,2.0
33.61,23.0,72.0,
498.59,33.0,32.0,
98.81,27.0,91.0,0.0
1.87,65.0,147.0,
78.92,59.0,95.0,2.0
194.29,39.0,10.0,0.0
28.73,53.0,185.0,2.0
105.53,24.0,88.0,0.0
737.34,30.0,34.0,0.0
237.86,18.0,210.0,0.0
409.61,65.0,89.0,1.0
75.53,21.0,157.0,0.0
72.75,64.0,15.0,1.0
39.11,26.0,143.0,0.0
729.38,68.0,90.0,1.0
137.49,34.0,50.00000000000001,0.0
504.7099999999999,29.0,61.00000000000001,0.0
371.47,24.0,58.00000000000001,0.0
430.35,36.0,205.0,0.0
230.32,35.0,56.0,0.0
121.71,52.0,140.0,2.0
98.87,20.0,179.0,0.0
117.55,24.0,35.0,0.0
244.64000000000001,30.0,103.0,0.0
321.93,45.0,12.0,2.0
283.23,40.0,98.0,2.0
346.65,30.0,60.00000000000001,0.0
381.62,64.0,164.0,1.0
388.65,76.0,43.0,1.0
29.22,24.0,151.0,0.0
46.75,67.0,150.0,1.0
348.64,57.0,128.0,2.0
319.17,73.0,81.0,
73.95,26.0,75.99999999999999,0.0
389.63,27.0,99.0,
217.61,19.0,45.0,0.0
199.84,21.0,150.0,0.0
56.35,44.0,75.0,2.0
248.94999999999996,65.0,29.000000000000004,1.0
142.58,33.0,145.0,0.0
333.78,60.0,98.0,1.0
332.59,55.0,143.0,2.0
236.81000000000003,22.0,15.0,0.0
417.8,27.0,130.0,0.0
319.27,50.0,150.0,2.0
384.1,42.0,172.0,2.0
820.62,61.0,158.0,
474.77,56.0,50.00000000000001,2.0
542.72,43.0,91.99999999999999,2.0
79.8,73.0,75.99999999999999,1.0
46.24,57.0,52.00000000000001,
327.8,61.0,53.99999999999999,1.0
445.79,52.0,161.0,
55.89,72.0,150.0,1.0
158.41,28.0,16.0,0.0
101.19,64.0,75.0,1.0
61.97,74.0,95.0,1.0
27.21,79.0,102.0,1.0
173.74,80.0,64.0,
176.11,38.0,105.0,0.0
88.4,46.0,174.0,2.0
567.92,53.0,14.0,2.0
138.11,68.0,104.0,1.0
456.93,28.0,193.0,0.0
101.42,66.0,146.0,1.0
300.61,44.0,51.00000000000001,2.0
265.94,54.0,132.0,
345.54,29.0,50.00000000000001,0.0
411.52,41.0,88.0,2.0
111.21,35.0,111.0,0.0
316.37,53.0,86.0,2.0
260.63,37.0,142.0,0.0
92.36,29.0,144.0,
262.06,63.0,118.0,1.0
64.5,74.0,230.0,
175.94,57.0,89.0,2.0
199.47,57.0,142.0,
51.07,63.0,133.0,1.0
435.86,56.0,134.0,2.0
74.73,64.0,162.0,1.0
182.79,23.0,14.0,0.0
628.36,44.0,107.99999999999999,2.0
268.39,29.0,177.0,0.0
362.27,80.0,47.0,1.0
560.15,50.0,91.99999999999999,2.0
132.36,28.0,160.0,0.0
24.77,40.0,17.0,2.0
80.24,53.0,58.00000000000001,2.0
8.65,68.0,198.0,1.0
178.91,18.0,18.999999999999996,0.0
115.22,27.0,107.99999999999999,0.0
161.63,46.0,276.0,2.0
542.75,70.0,63.0,1.0
317.47,67.0,16.0,1.0
280.99,45.0,29.000000000000004,2.0
24.19,29.0,28.0,0.0
586.85,36.0,86.0,0.0
372.41,55.0,143.0,2.0
383.69,54.0,285.0,2.0
247.17,65.0,149.0,1.0
48.78,18.0,136.0,0.0
4.15,60.0,119.0,1.0
60.99,34.0,58.00000000000001,0.0
408.19,26.0,241.0,0.0
524.6,58.0,75.99999999999999,2.0
108.96,26.0,247.0,0.0
70.03,63.0,49.0,
124.84,52.0,79.0,2.0
324.04,54.0,30.0,2.0
39.69,70.0,163.0,1.0
157.7,58.0,45.99999999999999,2.0
81.27,22.0,68.00000000000001,0.0
193.82,37.0,176.0,0.0
16.73,79.0,165.0,1.0
474.05000000000007,57.0,214.0,2.0
637.75,79.0,151.99999999999997,1.0
153.59,66.0,174.0,1.0
186.6,18.0,139.0,0.0
644.08,24.0,55.0,
226.66000000000003,41.0,168.00000000000003,2.0
305.0,22.0,222.0,0.0
233.1,42.0,37.0,2.0
793.13,68.0,75.99999999999999,1.0
224.19,52.0,93.0,2.0
214.83,23.0,63.0,0.0
163.46,63.0,111.0,1.0
194.99,34.0,91.0,0.0
227.49999999999997,34.0,277.0,0.0
259.9,26.0,100.00000000000001,0.0
59.510000000000005,36.0,55.0,0.0
112.93999999999998,73.0,30.999999999999996,1.0
11.81,21.0,131.0,0.0
329.14,55.0,14.0,2.0
154.24,61.0,82.0,1.0
233.44000000000003,20.0,297.0,
141.8,18.0,116.00000000000001,
209.03,55.0,126.0,
261.14,42.0,162.0,2.0
98.71,32.0,117.0,0.0
87.38,21.0,252.0,0.0
83.39,32.0,158.0,0.0
267.55,46.0,40.0,2.0
870.05,29.0,39.0,0.0
164.51,78.0,110.0,1.0
758.12,69.0,90.0,1.0
103.76,28.0,188.0,0.0
583.92,55.0,139.0,2.0
204.06,77.0,159.0,1.0
53.51,56.0,165.0,2.0
52.95,68.0,14.0,1.0
120.17,49.0,105.0,2.0
220.8,31.0,28.0,0.0
119.01,45.0,87.0,2.0
183.32,21.0,74.0,
858.88,60.0,227.0,1.0
11.46,41.0,128.0,2.0
61.370000000000005,75.0,164.0,1.0
103.08,49.0,150.0,2.0
1.21,55.0,196.0,2.0
425.18,26.0,172.0,0.0
60.96000000000001,52.0,238.0,2.0
64.21,51.0,37.0,2.0
523.02,53.0,83.0,2.0
50.26,65.0,164.0,1.0
110.08,19.0,95.0,0.0
54.47,23.0,34.0,0.0
79.76,68.0,115.0,1.0
16.79,30.0,146.0,0.0
68.62,29.0,157.0,0.0
643.38,18.0,105.0,0.0
328.34,42.0,30.999999999999996,2.0
72.68,69.0,44.0,1.0
354.76,51.0,279.0,2.0
793.88,22.0,252.0,
29.22,27.0,69.00000000000001,
653.97,37.0,100.00000000000001,0.0
366.43,21.0,91.99999999999999,0.0
233.74,72.0,142.0,1.0
471.8399999999999,18.0,138.0,0.0
213.4,73.0,100.00000000000001,1.0
254.21,48.0,45.99999999999999,2.0
577.73,37.0,63.0,0.0
170.26,27.0,265.0,0.0
330.61,64.0,113.0,1.0
132.33,35.0,47.0,0.0
74.04,18.0,66.0,
197.18,28.0,135.0,0.0
21.15,70.0,180.0,1.0
697.82,44.0,153.0,
148.0,20.0,35.0,0.0
22.26,19.0,56.0,0.0
0.8599999999999999,25.0,139.0,0.0
757.1,65.0,203.0,1.0
38.81,25.0,145.0,0.0
32.46,31.0,10.0,0.0
20.64,22.0,59.00000000000001,0.0
662.11,23.0,219.0,0.0
288.77,55.0,110.0,2.0
35.05,30.0,105.0,0.0
214.73,46.0,26.0,2.0
25.38,57.0,66.0,
617.66,41.0,40.0,2.0
446.39,63.0,77.0,1.0
377.92,33.0,204.0,0.0
11.04,30.0,43.0,0.0
275.46,36.0,67.0,0.0
179.76,78.0,81.0,1.0
32.34,44.0,45.0,2.0
273.92,79.0,109.0,1.0
375.45,19.0,32.0,0.0
388.98,23.0,155.0,0.0
492.8399999999999,25.0,37.99999999999999,0.0
148.85,57.0,25.000000000000004,2.0
391.66,50.0,103.0,2.0
185.99,41.0,53.00000000000001,2.0
322.48,27.0,57.0,0.0
20.27,18.0,22.0,0.0
199.02,61.0,269.0,1.0
104.23,63.0,107.99999999999999,
55.86,39.0,68.00000000000001,0.0
10.77,31.0,178.0,0.0
95.55,33.0,51.00000000000001,0.0
477.07000000000005,27.0,278.0,0.0
9.1,52.0,63.0,2.0
21.41,57.0,99.0,2.0
278.28,28.0,26.0,0.0
388.1,73.0,40.0,1.0
215.39,27.0,215.99999999999997,0.0
194.37,66.0,161.0,1.0
37.7,20.0,109.0,0.0
19.59,64.0,122.0,1.0
81.35,41.0,103.0,
314.54,58.0,228.0,2.0
466.64,58.0,11.0,2.0
397.01,22.0,100.00000000000001,0.0
472.48,55.0,87.0,
67.15,59.0,14.0,
102.67,79.0,119.0,1.0
453.49,66.0,147.0,1.0
267.17,26.0,170.0,0.0
111.26,66.0,43.0,1.0
121.17,68.0,158.0,1.0
213.28,51.0,94.0,2.0
187.88,60.0,180.0,1.0
471.88,34.0,141.0,
83.79,57.0,47.0,2.0
212.14,72.0,105.0,
99.16,79.0,202.0,1.0
839.33,60.0,86.0,1.0
4.24,38.0,37.99999999999999,0.0
50.29,58.0,64.0,2.0
135.85,57.0,269.0,2.0
368.53,68.0,34.0,
17.95,64.0,135.0,1.0
127.80000000000001,31.0,47.0,0.0
16.73,45.0,48.0,2.0
317.12,44.0,80.0,2.0
476.62999999999994,79.0,115.0,1.0
156.58,24.0,160.0,0.0
55.12,34.0,261.0,
15.739999999999998,27.0,37.99999999999999,0.0
353.68,70.0,145.0,1.0
297.15,76.0,178.0,1.0
647.85,36.0,121.0,0.0
75.04,49.0,178.0,2.0
273.92,28.0,35.0,0.0
215.8,51.0,66.0,2.0
420.6,26.0,55.0,0.0
688.36,23.0,22.0,0.0
285.18,55.0,150.0,2.0
213.55,63.0,15.0,1.0
463.11,51.0,159.0,2.0
150.03,73.0,176.0,1.0
309.56,58.0,147.0,2.0
377.08,26.0,71.0,0.0
77.25,68.0,157.0,1.0
146.92,64.0,272.0,1.0
126.59999999999998,22.0,146.0,0.0
101.34,24.0,45.99999999999999,0.0
184.97,58.0,268.0,
451.15,46.0,175.0,2.0
516.47,25.0,94.0,
880.04,25.0,29.000000000000004,0.0
353.69,44.67844382691544,163.0,2.0
66.69,25.0,140.0,0.0
95.75,31.0,169.0,0.0
98.03,54.0,165.0,2.0
617.66,42.0,128.0,2.0
888.57,62.0,102.0,1.0
107.48,22.0,129.0,0.0
36.57,62.0,69.00000000000001,
575.62,43.0,129.0,2.0
84.89,37.0,70.0,0.0
7.759999999999999,52.0,84.00000000000001,2.0
109.3,56.0,26.999999999999996,2.0
230.08000000000004,79.0,123.99999999999999,1.0
361.92,54.0,111.0,2.0
122.45,46.0,98.0,
642.53,65.0,128.0,1.0
62.86,25.0,30.999999999999996,0.0
175.21,69.0,69.00000000000001,
168.0,32.0,11.0,0.0
11.46,67.0,73.0,1.0
382.07,62.0,147.0,1.0
65.32,28.0,53.99999999999999,
730.1,77.0,93.0,
85.31,62.0,26.999999999999996,1.0
726.61,18.0,277.0,
130.4,45.0,63.0,2.0
68.1,20.0,47.0,0.0
65.26,26.0,72.0,0.0
191.62,63.0,51.00000000000001,1.0
212.88,39.0,122.0,0.0
88.38,30.0,138.0,
48.77,42.0,51.00000000000001,2.0
390.09,26.0,49.0,
48.29,37.0,242.0,0.0
333.83,63.0,135.0,1.0
100.27,79.0,51.00000000000001,1.0
44.54,31.0,164.0,0.0
82.17,28.0,21.000000000000004,0.0
447.42,32.0,65.0,0.0
590.26,25.0,48.0,0.0
192.73,71.0,157.0,1.0
146.01,26.0,269.0,0.0
11.57,56.0,64.0,2.0
7.82,36.0,273.0,0.0
79.43,74.0,72.0,1.0
386.97,58.0,137.0,2.0
51.22,23.0,82.0,0.0
256.05,54.0,35.0,2.0
7.790000000000001,34.0,298.0,0.0
233.71,63.0,11.0,1.0
176.37,55.0,126.0,2.0
122.62999999999998,21.0,153.0,
86.41,75.0,125.0,1.0
21.57,54.0,71.0,2.0
82.67,26.0,45.99999999999999,0.0
299.42,63.0,53.00000000000001,1.0
543.47,18.0,122.0,
346.76,21.0,116.00000000000001,0.0
47.48,24.0,66.0,0.0
64.92,58.0,236.0,
350.72,28.0,48.0,0.0
3.8000000000000003,65.0,174.0,1.0
22.54,26.0,42.00000000000001,0.0
767.14,62.0,37.99999999999999,1.0
167.47,35.0,103.0,0.0
43.65,30.0,212.0,0.0
391.08,56.0,105.0,2.0
390.77,44.0,34.0,2.0
508.16,39.0,131.0,0.0
36.76,65.0,107.99999999999999,1.0
332.33,27.0,101.0,0.0
362.09,32.0,30.999999999999996,0.0
42.58,30.0,80.0,0.0
122.34999999999998,53.0,188.0,2.0
248.66,28.0,113.0,0.0
461.24999999999994,54.0,171.0,2.0
61.77,56.0,49.0,2.0
268.92,29.0,148.0,0.0
219.02,54.0,68.00000000000001,2.0
125.14,20.0,30.999999999999996,
47.6,53.0,115.0,2.0
592.82,74.0,247.99999999999997,1.0
372.5,22.0,211.0,0.0
4.72,32.0,20.0,0.0
144.93,42.0,74.0,2.0
316.56,28.0,261.0,0.0
9.18,22.0,140.0,0.0
421.25,25.0,66.0,0.0
185.71,48.0,194.0,2.0
26.27,45.0,177.0,2.0
297.03,61.0,151.0,1.0
99.52,52.0,127.0,
881.1,28.0,16.0,0.0
139.69,52.0,180.0,2.0
112.72,31.0,17.0,0.0
568.88,19.0,105.0,0.0
189.03,28.0,50.00000000000001,0.0
189.08,68.0,238.0,1.0
409.59,35.0,50.00000000000001,0.0
283.15,24.0,180.0,0.0
151.82,51.0,105.0,2.0
438.59,37.0,103.0,0.0
590.57,79.0,93.0,1.0
63.74,63.0,30.999999999999996,1.0
77.02,59.0,132.0,2.0
501.15000000000003,47.0,208.0,2.0
8.95,76.0,102.0,1.0
173.6,21.0,160.0,0.0
149.4,53.0,123.0,2.0
388.21,53.0,237.0,2.0
126.04,65.0,167.0,
52.04,50.0,30.999999999999996,2.0
389.7,62.0,215.99999999999997,1.0
309.77,67.0,137.0,1.0
724.18,41.0,134.0,2.0
124.98,24.0,78.0,0.0
487.32000000000005,52.0,164.0,2.0
635.91,46.0,78.0,
205.65,62.0,144.0,1.0
39.41,25.0,132.0,0.0
254.0,35.0,63.0,0.0
436.8,36.0,213.0,0.0
224.73,76.0,63.0,1.0
752.69,65.0,115.0,1.0
78.5,31.0,41.0,0.0
50.0,53.0,87.0,2.0
132.42,18.0,164.0,0.0
83.16,61.0,177.0,1.0
149.02,46.0,176.0,2.0
74.27,59.0,148.0,2.0
876.57,62.0,118.0,1.0
615.58,42.0,133.0,
643.03,36.0,52.00000000000001,0.0
7.949999999999999,79.0,65.0,1.0
270.92,77.0,143.0,1.0
499.4800000000001,24.0,133.0,0.0
841.5,25.0,287.0,0.0
138.82,77.0,53.00000000000001,1.0
231.46,60.0,83.0,1.0
292.08,72.0,32.0,
63.98,54.0,258.0,
235.21,67.0,74.0,1.0
201.73,57.0,78.0,2.0
161.31,28.0,13.0,0.0
18.41,53.0,168.00000000000003,2.0
471.75,34.0,41.0,
290.02,55.0,246.0,2.0
48.05,27.0,37.99999999999999,0.0
359.42,55.0,30.0,2.0
32.91,19.0,255.0,0.0
3.8000000000000003,67.0,140.0,1.0
31.81,51.0,149.0,2.0
220.2,28.0,102.0,0.0
476.03,77.0,99.0,
141.91,23.0,49.0,0.0
95.83,27.0,91.0,
51.15,46.0,199.0,2.0
50.75,62.0,185.0,1.0
185.07,22.0,159.0,0.0
293.54,40.0,45.0,2.0
285.26,28.0,93.0,0.0
129.48,31.0,179.0,0.0
743.03,50.0,174.0,2.0
297.86,28.0,96.0,0.0
231.91999999999996,66.0,12.0,1.0
295.82,47.0,45.99999999999999,2.0
302.86,55.0,275.0,
81.08,58.0,56.0,2.0
775.6,79.0,158.0,1.0
211.91,20.0,181.0,0.0
17.21,23.0,219.0,
124.22,23.0,172.0,0.0
38.37,63.0,135.0,1.0
269.79,52.0,17.0,
605.42,21.0,33.0,0.0
29.190000000000005,58.0,41.0,
701.7,61.0,64.0,1.0
862.34,57.0,72.0,2.0
410.97,22.0,45.0,0.0
36.97,41.0,79.0,2.0
137.59,30.0,95.0,
168.11,51.0,12.0,2.0
430.98,24.0,93.0,
13.87,24.0,20.0,0.0
302.82,36.0,175.0,0.0
406.81,66.0,84.00000000000001,1.0
256.3,53.0,172.0,2.0
80.96,19.0,97.0,0.0
95.78,22.0,26.999999999999996,0.0
379.54,41.0,118.0,2.0
903.19,22.0,65.0,0.0
847.45,28.0,175.0,0.0
295.18,66.0,30.999999999999996,1.0
18.46,68.0,213.0,1.0
603.23,28.0,48.0,0.0
54.5,57.0,147.0,
414.77,29.0,274.0,0.0
886.19,61.0,69.00000000000001,1.0
440.03,49.0,88.0,2.0
76.39,18.0,219.0,0.0
595.91,19.0,162.0,0.0
6.03,76.0,70.0,1.0
249.33999999999997,26.0,197.0,0.0
421.52,20.0,67.0,0.0
189.77,58.0,24.0,2.0
73.19,76.0,213.0,1.0
188.13,75.0,198.0,1.0
30.52,62.0,122.0,1.0
170.24,62.0,133.0,1.0
56.620000000000005,54.0,121.0,2.0
53.14,34.0,70.0,0.0
587.23,27.0,144.0,0.0
21.27,62.0,114.0,1.0
76.02,34.0,189.0,0.0
155.51,68.0,15.0,1.0
135.15,72.0,50.00000000000001,1.0
39.48,56.0,37.99999999999999,2.0
451.68,33.0,15.0,0.0
19.11,44.67844382691544,160.0,2.0
355.0,26.0,33.0,
427.69,43.0,236.0,2.0
254.85999999999999,23.0,102.0,0.0
19.48,27.0,114.0,0.0
190.17,49.0,265.0,2.0
91.38,44.67844382691544,179.0,2.0
206.63,59.0,128.0,2.0
93.22,52.0,52.00000000000001,2.0
547.98,28.0,171.0,0.0
641.06,23.0,25.000000000000004,0.0
836.45,61.0,63.0,1.0
189.45,53.0,61.99999999999999,2.0
91.84,67.0,80.0,
609.52,78.0,169.0,1.0
859.3,78.0,68.00000000000001,1.0
100.01,50.0,63.0,
28.779999999999998,40.0,51.00000000000001,2.0
111.08,70.0,83.0,1.0
52.23,28.0,96.0,0.0
78.62,32.0,52.00000000000001,
47.79,25.0,37.0,0.0
333.97,52.0,45.0,2.0
30.869999999999997,33.0,295.0,0.0
710.43,67.0,115.0,
220.23,41.0,48.0,2.0
27.28,29.0,96.0,
101.52,49.0,98.0,2.0
162.65,59.0,147.0,
10.52,55.0,30.0,2.0
270.72,38.0,37.0,0.0
247.58,39.0,151.99999999999997,0.0
359.65,25.0,289.0,0.0
109.91,38.0,90.0,0.0
215.72,30.0,137.0,0.0
490.76000000000005,66.0,156.0,1.0
224.28,64.0,68.00000000000001,
608.79,55.0,157.0,2.0
840.16,20.0,68.00000000000001,0.0
203.34,60.0,66.0,1.0
90.88,26.0,284.0,0.0
60.11,61.0,122.0,
393.92,72.0,47.0,1.0
19.39,43.0,45.0,2.0
557.41,80.0,49.0,1.0
57.07000000000001,31.0,99.0,
395.27,18.0,167.0,0.0
289.05,75.0,116.00000000000001,
46.11,33.0,233.0,
335.5,63.0,47.0,1.0
388.07,24.0,68.00000000000001,0.0
520.86,51.0,66.0,2.0
787.41,25.0,39.0,0.0
31.7,48.0,121.0,2.0
22.3,21.0,90.0,0.0
203.12,56.0,181.0,2.0
315.94,49.0,172.0,2.0
0.26,20.0,173.0,0.0
210.77,71.0,161.0,1.0
406.65,57.0,107.0,2.0
422.9,40.0,111.0,2.0
20.62,35.0,225.0,0.0
174.39,19.0,36.0,
7.86,76.0,91.0,1.0
54.85,58.0,40.0,2.0
16.55,26.0,159.0,0.0
91.32,58.0,77.0,2.0
49.62,55.0,111.0,2.0
487.16,28.0,84.00000000000001,0.0
405.6,37.0,44.0,0.0
512.95,57.0,143.0,2.0
345.94,31.0,163.0,0.0
356.56,47.0,52.00000000000001,2.0
10.31,36.0,280.0,0.0
211.69,30.0,111.0,0.0
221.49,23.0,196.0,0.0
278.23,48.0,83.0,2.0
116.88,45.0,263.0,2.0
328.77,39.0,247.0,0.0
77.53,54.0,55.0,2.0
421.74,67.0,103.0,1.0
313.69,73.0,151.99999999999997,1.0
411.72,29.0,153.0,0.0
508.72999999999996,59.0,89.0,2.0
153.08,24.0,201.0,0.0
23.01,63.0,166.0,1.0
69.28,25.0,129.0,0.0
51.25,28.0,66.0,0.0
407.65,25.0,263.0,0.0
459.25,25.0,59.00000000000001,0.0
301.56,49.0,118.0,2.0
17.67,63.0,91.0,1.0
5.29,32.0,132.0,0.0
401.37,43.0,251.0,
145.4,38.0,24.0,0.0
556.34,37.0,45.99999999999999,0.0
34.31,24.0,251.0,0.0
780.59,23.0,145.0,
282.65,35.0,161.0,0.0
305.27,68.0,147.0,1.0
185.81,32.0,116.00000000000001,0.0
66.01,49.0,179.0,2.0
447.95,29.0,75.0,0.0
279.3,19.0,48.0,0.0
611.15,27.0,121.0,0.0
275.2,54.0,81.0,2.0
427.79,18.0,189.0,0.0
469.13000000000005,54.0,139.0,
102.81,76.0,47.0,1.0
22.61,19.0,145.0,0.0
68.28,56.0,293.0,2.0
33.65,63.0,146.0,1.0
362.68,63.0,137.0,1.0
73.23,20.0,172.0,0.0
654.49,25.0,104.0,
18.56,49.0,161.0,2.0
389.05,27.0,41.0,0.0
109.48,44.67844382691544,93.0,2.0
66.91,39.0,85.0,0.0
335.48,45.0,155.0,2.0
38.14,19.0,174.0,0.0
360.02,68.0,68.00000000000001,1.0
567.71,63.0,80.0,1.0
218.19,19.0,185.0,0.0
209.99,19.0,40.0,
11.02,19.0,280.0,
83.43,56.0,109.0,2.0
344.97,34.0,106.0,
172.29,36.0,283.0,0.0
195.54,60.0,255.0,1.0
101.23,45.0,87.0,2.0
180.46,25.0,34.0,0.0
692.55,53.0,109.0,2.0
147.31,34.0,91.99999999999999,0.0
107.48,20.0,103.0,
81.51,25.0,97.0,0.0
365.48,76.0,215.99999999999997,1.0
491.1,35.0,125.0,0.0
452.8,80.0,151.0,1.0
645.04,70.0,78.0,1.0
169.28,45.0,114.0,2.0
88.42,62.0,91.0,1.0
155.53,29.0,66.0,0.0
39.24,77.0,106.0,
78.77,48.0,50.00000000000001,2.0
26.5,48.0,179.0,2.0
83.62,48.0,146.0,2.0
142.78,68.0,150.0,1.0
55.99,35.0,95.0,0.0
774.48,61.0,30.999999999999996,1.0
105.37,25.0,160.0,0.0
118.83,28.0,295.0,0.0
46.22,23.0,217.0,0.0
659.71,21.0,148.0,
377.97,72.0,160.0,
114.10000000000001,69.0,148.0,1.0
11.3,55.0,41.0,2.0
95.5,57.0,17.0,2.0
130.93,28.0,149.0,0.0
272.97,68.0,174.0,
73.35,24.0,47.0,0.0
29.940000000000005,58.0,243.0,
50.52,20.0,140.0,0.0
820.46,53.0,243.0,
153.07,56.0,116.00000000000001,2.0
52.94,41.0,146.0,2.0
384.41,60.0,65.0,1.0
235.42,51.0,175.0,2.0
114.23000000000002,56.0,64.0,2.0
12.62,33.0,61.00000000000001,0.0
373.52,35.0,235.0,0.0
336.05,28.0,164.0,0.0
366.93,66.0,33.0,1.0
112.27,58.0,102.0,2.0
494.96000000000004,40.0,132.0,2.0
561.58,65.0,22.999999999999996,1.0
440.94,42.0,148.0,2.0
71.9,29.0,51.00000000000001,0.0
256.66,54.0,137.0,2.0
166.55,59.0,99.0,
276.26,56.0,143.0,2.0
35.46,67.0,164.0,
38.14,50.0,165.0,2.0
506.25999999999993,64.0,86.0,1.0
736.32,31.0,28.0,0.0
389.43,52.0,151.0,2.0
25.58,60.0,166.0,1.0
446.1,25.0,243.0,0.0
147.74,23.0,15.0,0.0
46.23,77.0,282.0,
265.37,33.0,77.0,0.0
342.57,20.0,91.0,0.0
417.26,32.0,45.0,0.0
33.63,63.0,75.99999999999999,1.0
64.58,55.0,173.0,2.0
23.23,21.0,122.0,0.0
285.49,53.0,109.0,2.0
71.87,22.0,258.0,0.0
308.8,53.0,41.0,2.0
135.35,44.67844382691544,82.0,2.0
288.43,66.0,72.0,1.0
147.46,65.0,205.0,1.0
214.15,32.0,217.0,
170.36,30.0,118.0,0.0
736.53,55.0,120.0,
213.42,45.0,17.0,2.0
94.09,27.0,203.0,0.0
91.23,72.0,86.0,1.0
263.92,57.0,233.0,2.0
77.5,51.0,201.0,2.0
3.65,69.0,146.0,
43.88,26.0,251.0,0.0
224.79,18.0,129.0,
64.3,55.0,67.0,2.0
111.79,62.0,49.0,1.0
613.7,61.0,37.0,1.0
170.45,60.0,199.0,1.0
344.27,22.0,123.0,0.0
872.72,22.0,288.0,0.0
292.95,37.0,56.0,0.0
28.44,18.0,243.0,0.0
209.02,21.0,74.0,0.0
20.05,72.0,171.0,1.0
175.02,28.0,71.0,0.0
89.5,41.0,134.0,2.0
69.96,28.0,30.999999999999996,0.0
376.78,21.0,88.0,0.0
148.54,71.0,107.0,1.0
388.77,26.0,30.0,0.0
100.38,63.0,49.0,1.0
137.23,64.0,63.0,1.0
870.3,51.0,229.0,2.0
458.94000000000005,52.0,180.0,
327.35,20.0,175.0,
757.15,53.0,37.99999999999999,2.0
5.64,44.67844382691544,47.0,2.0
47.23,73.0,160.0,1.0
239.41000000000003,42.0,247.99999999999997,2.0
170.97,26.0,292.0,0.0
659.15,22.0,204.0,0.0
31.53,25.0,283.0,0.0
111.66,48.0,140.0,
250.01000000000002,62.0,88.0,1.0
554.15,49.0,107.99999999999999,
598.66,32.0,222.0,0.0
28.379999999999995,55.0,98.0,2.0
16.8,49.0,94.0,
896.79,33.0,168.00000000000003,0.0
159.0,49.0,37.99999999999999,2.0
56.31,75.0,195.0,1.0
203.99,52.0,215.0,2.0
50.99,29.0,75.99999999999999,0.0
101.28,32.0,75.0,0.0
299.92,27.0,122.0,0.0
77.54,67.0,73.0,1.0
18.35,21.0,78.0,0.0
732.53,26.0,116.00000000000001,0.0
65.11,34.0,150.0,0.0
67.07,24.0,56.0,0.0
137.48,55.0,47.0,2.0
398.36,22.0,56.0,0.0
469.4599999999999,20.0,149.0,0.0
37.58,57.0,182.0,2.0
160.24,31.0,15.0,0.0
315.39,23.0,93.0,0.0
165.91,26.0,84.00000000000001,0.0
211.36,47.0,194.0,2.0
241.45,26.0,158.0,0.0
23.24,68.0,129.0,1.0
70.88,74.0,176.0,1.0
314.52,80.0,229.0,1.0
181.81,78.0,122.0,1.0
854.64,56.0,118.0,2.0
261.19,64.0,52.00000000000001,1.0
220.68,71.0,217.0,1.0
11.86,31.0,129.0,0.0
122.65,28.0,41.0,0.0
395.16,56.0,17.0,2.0
704.69,51.0,150.0,2.0
369.89,69.0,69.00000000000001,1.0
10.92,67.0,268.0,1.0
199.14,31.0,36.0,0.0
109.43,70.0,140.0,1.0
304.15,20.0,40.0,0.0
620.54,28.0,98.0,
757.79,22.0,117.0,0.0
122.80999999999999,52.0,12.0,2.0
96.25,61.0,171.0,1.0
142.55,67.0,97.0,1.0
35.94,23.0,141.0,0.0
24.86,58.0,292.0,2.0
103.08,60.0,109.0,1.0
116.27,57.0,94.0,2.0
34.74,44.67844382691544,72.0,2.0
50.9,28.0,150.0,0.0
206.84,20.0,154.0,0.0
37.4,20.0,84.00000000000001,0.0
154.21,46.0,75.0,2.0
199.37,24.0,79.0,
18.23,56.0,28.0,2.0
398.7,47.0,276.0,2.0
378.2,40.0,167.0,2.0
124.73999999999998,49.0,33.0,2.0
17.1,53.0,101.0,
287.05,22.0,212.0,0.0
874.72,28.0,173.0,0.0
40.12,36.0,269.0,0.0
125.0,49.0,177.0,2.0
348.44,24.0,147.0,0.0
128.4,69.0,30.999999999999996,1.0
320.93,55.0,178.0,2.0
1.41,53.0,278.0,2.0
50.52,54.0,293.0,2.0
383.95,31.0,143.0,0.0
12.94,23.0,158.0,0.0
329.75,56.0,211.0,2.0
40.79,18.0,80.0,0.0
99.25,63.0,93.0,1.0
150.6,69.0,59.00000000000001,
29.499999999999996,73.0,129.0,1.0
54.34,65.0,45.99999999999999,1.0
18.25,53.0,18.0,2.0
633.87,27.0,175.0,0.0
81.15,19.0,114.0,0.0
83.95,75.0,170.0,1.0
410.4,61.0,78.0,1.0
172.68,33.0,17.0,0.0
139.88,34.0,162.0,
165.55,28.0,115.0,0.0
285.69,63.0,35.0,
532.4,22.0,149.0,0.0
293.85,25.0,144.0,0.0
27.94,79.0,120.0,1.0
270.36,25.0,37.0,0.0
506.03,21.0,21.000000000000004,0.0
206.95,22.0,30.999999999999996,0.0
350.96,63.0,167.0,1.0
261.63,20.0,150.0,0.0
46.12,59.0,30.0,2.0
27.25,63.0,91.99999999999999,1.0
331.66,76.0,145.0,1.0
667.95,62.0,253.0,1.0
49.84,49.0,146.0,2.0
556.04,72.0,26.999999999999996,1.0
88.06,18.0,288.0,0.0
745.95,58.0,127.0,2.0
67.25,19.0,157.0,0.0
93.63,29.0,141.0,0.0
74.11,22.0,49.0,
41.13,77.0,58.00000000000001,1.0
192.02,79.0,154.0,1.0
291.27,77.0,121.0,1.0
296.46,23.0,136.0,0.0
341.84,27.0,89.0,0.0
98.41,27.0,48.0,0.0
27.51,40.0,103.0,2.0
207.71,25.0,63.0,0.0
25.77,45.0,277.0,
127.57,52.0,75.0,2.0
392.05,60.0,172.0,1.0
521.01,41.0,73.0,2.0
849.76,25.0,269.0,0.0
172.5,68.0,30.999999999999996,1.0
152.34,55.0,115.0,2.0
21.13,28.0,153.0,0.0
111.55,46.0,101.0,2.0
321.82,32.0,43.0,0.0
148.77,67.0,175.0,1.0
14.08,57.0,154.0,2.0
566.33,24.0,66.0,0.0
206.51,51.0,275.0,2.0
180.94,75.0,57.0,1.0
77.9,21.0,128.0,0.0
318.92,21.0,60.00000000000001,0.0
583.3,59.0,142.0,2.0
100.68,63.0,139.0,1.0
589.64,62.0,210.0,1.0
225.93000000000004,25.0,199.0,
651.55,72.0,82.0,1.0
80.97,38.0,157.0,0.0
191.89,25.0,14.0,0.0
304.75,78.0,125.0,1.0
201.53,68.0,287.0,1.0
8.45,22.0,141.0,0.0
435.98,30.0,105.0,0.0
743.24,19.0,109.0,
16.27,57.0,44.0,
290.86,45.0,36.0,2.0
85.73,41.0,266.0,2.0
555.71,22.0,73.0,0.0
40.03,23.0,200.00000000000003,0.0
73.01,25.0,61.99999999999999,0.0
346.12,44.0,12.0,2.0
252.92999999999998,75.0,222.0,1.0
58.7,67.0,141.0,
7.56,40.0,145.0,2.0
540.4,45.0,272.0,
264.14,64.0,125.0,1.0
248.14999999999998,75.0,202.0,1.0
24.34,54.0,110.0,2.0
428.61,66.0,61.99999999999999,1.0
117.66,39.0,126.0,0.0
165.8,60.0,287.0,1.0
289.18,65.0,64.0,1.0
125.38999999999999,21.0,140.0,0.0
305.18,58.0,215.99999999999997,
506.90000000000003,64.0,56.0,1.0
504.12,25.0,101.0,0.0
42.09,29.0,118.0,0.0
607.28,32.0,84.00000000000001,
91.9,77.0,125.0,1.0
303.43,22.0,30.0,
668.78,20.0,141.0,0.0
270.54,20.0,139.0,0.0
247.93,37.0,79.0,0.0
34.67,19.0,71.0,0.0
326.03,18.0,137.0,0.0
148.26,25.0,57.0,0.0
373.99,60.0,140.0,1.0
819.48,25.0,26.0,0.0
14.0,49.0,173.0,2.0
57.16,40.0,74.0,2.0
282.26,37.0,278.0,
473.20000000000005,34.0,173.0,0.0
192.97,59.0,140.0,2.0
168.99,18.0,203.0,0.0
1.82,80.0,60.00000000000001,1.0
40.9,55.0,37.0,2.0
78.91,61.0,157.0,1.0
169.97,22.0,12.0,0.0
486.60999999999996,48.0,130.0,2.0
148.13,58.0,56.0,2.0
164.52,61.0,162.0,1.0
720.89,27.0,120.0,0.0
268.7,53.0,63.0,2.0
637.34,51.0,278.0,
216.76,47.0,138.0,2.0
418.02,46.0,110.0,
292.03,46.0,154.0,2.0
251.4,57.0,178.0,2.0
184.56,21.0,93.0,0.0
33.76,26.0,227.0,0.0
138.68,22.0,44.0,0.0
42.56,18.0,146.0,0.0
680.76,21.0,165.0,0.0
53.83,70.0,131.0,1.0
11.09,51.0,95.0,2.0
37.81,63.0,195.0,1.0
449.18,67.0,50.00000000000001,1.0
297.6,39.0,162.0,0.0
683.75,32.0,106.0,0.0
21.4,48.0,129.0,2.0
315.94,78.0,93.0,1.0
223.76,74.0,110.0,1.0
216.03,42.0,300.0,2.0
17.42,74.0,150.0,1.0
491.91,78.0,155.0,1.0
350.11,74.0,178.0,1.0
218.07,23.0,243.0,0.0
422.14,26.0,109.0,0.0
613.21,61.0,157.0,1.0
73.83,69.0,69.00000000000001,1.0
67.33,59.0,36.0,2.0
26.92,62.0,43.0,1.0
18.3,48.0,155.0,
317.94,54.0,123.99999999999999,2.0
179.38,40.0,173.0,2.0
13.92,37.0,209.0,0.0
365.43,25.0,176.0,0.0
263.59,71.0,16.0,1.0
54.8,34.0,140.0,
141.49,24.0,75.0,0.0
31.39,20.0,15.0,0.0
93.82,39.0,176.0,0.0
5.71,21.0,106.0,0.0
178.39,34.0,98.0,0.0
126.91,22.0,42.00000000000001,0.0
36.09,53.0,167.0,2.0
91.77,51.0,174.0,2.0
198.92,36.0,100.00000000000001,0.0
137.81,58.0,44.0,2.0
136.88,24.0,71.0,0.0
133.07,21.0,155.0,0.0
1.14,43.0,137.0,2.0
256.34,69.0,99.0,1.0
56.11,36.0,109.0,0.0
118.09999999999998,50.0,50.00000000000001,2.0
137.86,66.0,120.0,1.0
813.78,54.0,55.0,2.0
237.97000000000003,69.0,69.00000000000001,
684.96,21.0,30.999999999999996,0.0
878.63,60.0,139.0,1.0
276.56,68.0,15.0,1.0
8.75,79.0,199.0,1.0
637.48,65.0,207.0,1.0
103.15,51.0,179.0,
505.6000000000001,52.0,183.0,2.0
371.86,46.0,91.0,
14.26,50.0,37.0,
13.16,43.0,98.0,2.0
73.01,56.0,101.0,2.0
201.5,61.0,196.0,1.0
150.3,41.0,204.0,2.0
23.7,46.0,32.0,2.0
49.59,48.0,147.0,
720.13,22.0,96.0,
134.92,19.0,101.0,0.0
116.97,18.0,299.0,0.0
88.29,50.0,287.0,
5.81,25.0,222.0,0.0
103.48,32.0,33.0,0.0
156.74,70.0,136.0,1.0
505.13999999999993,68.0,179.0,1.0
31.06,46.0,61.00000000000001,2.0
7.609999999999999,50.0,163.0,
276.16,53.0,71.0,2.0
145.77,68.0,237.0,1.0
369.44,34.0,18.999999999999996,0.0
558.86,60.0,95.0,1.0
429.15,26.0,218.0,0.0
36.74,33.0,133.0,0.0
79.14,57.0,22.0,2.0
132.48,36.0,101.0,0.0
203.76,55.0,37.0,2.0
750.95,78.0,26.999999999999996,1.0
0.8399999999999999,52.0,30.999999999999996,
257.18,67.0,28.0,1.0
767.66,63.0,155.0,1.0
182.29,54.0,123.0,2.0
184.51,54.0,118.0,2.0
144.1,57.0,30.0,2.0
72.5,40.0,30.0,2.0
22.15,44.0,73.0,2.0
777.92,62.0,97.0,1.0
790.07,28.0,197.0,0.0
406.33,59.0,103.0,2.0
767.41,56.0,26.999999999999996,2.0
4.58,21.0,135.0,0.0
49.67,21.0,146.0,0.0
77.83,49.0,146.0,
702.87,19.0,183.99999999999997,0.0
133.56,25.0,177.0,0.0
868.05,49.0,119.0,2.0
52.87,24.0,70.0,0.0
179.0,78.0,121.0,1.0
384.11,58.0,12.0,
227.60999999999999,71.0,61.00000000000001,1.0
40.83,48.0,24.0,2.0
19.76,20.0,240.0,0.0
484.24000000000007,67.0,77.0,1.0
301.47,21.0,291.0,0.0
199.09,70.0,89.0,1.0
38.95,27.0,50.00000000000001,
515.94,29.0,37.0,0.0
41.93,48.0,136.0,2.0
95.35,21.0,131.0,0.0
93.14,67.0,151.0,1.0
79.33,51.0,109.0,2.0
233.71,19.0,297.0,0.0
14.92,26.0,120.0,0.0
242.16999999999996,60.0,147.0,1.0
122.98,79.0,228.0,1.0
129.35,52.0,130.0,2.0
138.33,21.0,69.00000000000001,0.0
39.31,25.0,178.0,0.0
91.85,21.0,148.0,0.0
277.7,58.0,107.0,2.0
114.02999999999999,51.0,172.0,2.0
302.63,27.0,10.0,
31.189999999999998,52.0,74.0,2.0
112.91000000000001,27.0,135.0,
742.26,27.0,36.0,0.0
256.8,26.0,80.0,0.0
378.68,60.0,239.0,1.0
571.93,52.0,119.0,2.0
26.31,77.0,163.0,1.0
533.61,48.0,115.0,2.0
428.62,55.0,72.0,2.0
361.22,64.0,167.0,
837.29,25.0,215.99999999999997,0.0
117.25,31.0,73.0,0.0
135.27,48.0,131.0,2.0
185.1,53.0,22.999999999999996,2.0
113.54,38.0,273.0,
354.96,69.0,96.0,1.0
224.22,53.0,37.0,2.0
737.1,60.0,91.99999999999999,
223.22,27.0,96.0,0.0
557.26,69.0,53.00000000000001,1.0
27.44,62.0,164.0,1.0
310.09,36.0,166.0,0.0
80.38,52.0,116.00000000000001,2.0
26.1,66.0,115.0,1.0
845.14,73.0,183.0,1.0
59.73,27.0,56.0,0.0
758.77,60.0,114.0,1.0
301.51,22.0,284.0,0.0
418.03,58.0,161.0,2.0
118.06,32.0,30.999999999999996,0.0
483.92,70.0,115.0,1.0
78.93,38.0,145.0,0.0
36.63,75.0,261.0,1.0
87.85,49.0,63.0,2.0
705.34,59.0,123.99999999999999,2.0
116.89,71.0,226.0,1.0
106.41,57.0,87.0,2.0
584.41,23.0,41.0,0.0
584.98,55.0,121.0,2.0
79.21,56.0,140.0,2.0
173.13,20.0,288.0,0.0
335.7,80.0,57.0,1.0
422.81,28.0,193.0,
135.43,57.0,91.99999999999999,2.0
584.88,26.0,121.0,
308.94,25.0,167.0,
295.93,36.0,117.0,0.0
77.44,58.0,268.0,2.0
92.5,40.0,70.0,2.0
97.74,41.0,137.0,2.0
291.68,21.0,90.0,0.0
56.96,22.0,135.0,0.0
436.8,27.0,91.99999999999999,0.0
259.49,72.0,292.0,1.0
726.26,57.0,147.0,2.0
568.68,72.0,101.0,1.0
77.57,49.0,225.0,2.0
14.160000000000002,74.0,290.0,1.0
61.33,27.0,129.0,0.0
27.64,54.0,22.999999999999996,2.0
3.8500000000000005,29.0,32.0,0.0
431.22,73.0,129.0,1.0
178.55,55.0,67.0,2.0
248.76,18.0,56.0,0.0
76.16,23.0,99.0,0.0
347.25,69.0,250.0,1.0
325.98,19.0,277.0,0.0
249.56000000000003,76.0,246.0,1.0
17.43,56.0,33.0,2.0
198.01,26.0,40.0,0.0
585.58,23.0,55.0,
434.67,27.0,123.99999999999999,0.0
510.70000000000005,27.0,294.0,
331.98,74.0,12.0,1.0
199.54,56.0,268.0,2.0
212.97,59.0,178.0,2.0
270.56,23.0,139.0,0.0
306.37,26.0,120.0,
643.02,38.0,85.0,0.0
98.48,47.0,12.0,2.0
889.01,36.0,169.0,0.0
537.86,27.0,134.0,0.0
241.18,25.0,162.0,0.0
130.54,64.0,94.0,1.0
800.29,20.0,84.00000000000001,0.0
8.81,57.0,165.0,
28.52,20.0,163.0,0.0
431.31,23.0,99.0,0.0
885.33,47.0,59.00000000000001,2.0
199.23,29.0,53.99999999999999,0.0
42.26,44.0,171.0,2.0
166.06,30.0,172.0,0.0
357.72,53.0,25.000000000000004,2.0
588.37,28.0,284.0,0.0
72.82,68.0,127.0,1.0
162.36,36.0,147.0,0.0
584.82,43.0,109.0,2.0
38.15,72.0,129.0,1.0
477.54,23.0,52.00000000000001,
639.57,60.0,43.0,
58.23,28.0,34.0,0.0
776.21,78.0,99.0,1.0
188.61,67.0,26.0,1.0
675.37,56.0,30.999999999999996,2.0
94.82,67.0,56.0,1.0
425.18,59.0,135.0,2.0
50.28,60.0,65.0,1.0
70.68,25.0,105.0,
261.77,28.0,45.99999999999999,0.0
183.22,27.0,63.0,0.0
156.86,51.0,102.0,2.0
120.66999999999999,42.0,233.0,2.0
308.62,59.0,101.0,
506.81,59.0,41.0,2.0
328.39,41.0,107.99999999999999,2.0
796.3,67.0,64.0,1.0
72.47,29.0,72.0,0.0
279.6,25.0,131.0,0.0
304.2,25.0,102.0,0.0
351.38,64.0,21.000000000000004,
86.07,31.0,22.999999999999996,0.0
604.5,28.0,80.0,0.0
258.7,27.0,123.0,0.0
11.46,75.0,64.0,1.0
63.76,69.0,100.00000000000001,1.0
446.83,55.0,143.0,2.0
63.540000000000006,26.0,136.0,0.0
81.11,48.0,110.0,2.0
170.96,64.0,69.00000000000001,
48.51,22.0,69.00000000000001,0.0
325.03,60.0,106.0,1.0
125.82999999999998,57.0,138.0,2.0
506.83000000000004,37.0,45.0,0.0
738.94,41.0,173.0,2.0
180.36,33.0,55.0,0.0
225.1,28.0,35.0,0.0
359.51,79.0,157.0,1.0
720.46,54.0,44.0,2.0
291.46,57.0,135.0,2.0
98.24,28.0,148.0,0.0
100.48,18.0,104.0,0.0
45.9,56.0,264.0,2.0
258.21,39.0,225.0,0.0
287.51,22.0,255.0,0.0
501.30000000000007,26.0,146.0,0.0
26.1,27.0,32.0,0.0
436.77,20.0,176.0,0.0
292.38,68.0,224.0,1.0
25.29,50.0,125.0,2.0
123.34999999999998,31.0,10.0,0.0
139.52,23.0,30.999999999999996,0.0
51.2,18.0,83.0,0.0
161.38,24.0,101.0,0.0
2.51,63.0,32.0,1.0
22.62,64.0,102.0,1.0
126.82999999999998,57.0,39.0,2.0
46.6,55.0,68.00000000000001,2.0
243.79999999999998,57.0,48.0,2.0
231.51,60.0,96.0,1.0
175.05,39.0,34.0,0.0
762.74,64.0,244.0,1.0
34.03,57.0,37.99999999999999,2.0
15.949999999999998,25.0,52.00000000000001,
101.51,46.0,199.0,2.0
309.42,27.0,42.00000000000001,0.0
257.6,59.0,293.0,2.0
746.78,21.0,64.0,0.0
82.01,23.0,156.0,0.0
476.98999999999995,23.0,187.0,0.0
320.11,23.0,130.0,0.0
333.39,68.0,35.0,1.0
10.3,47.0,197.0,
416.55,33.0,73.0,0.0
98.95,75.0,73.0,1.0
18.14,58.0,48.0,2.0
215.13,46.0,114.0,2.0
218.57,62.0,102.0,1.0
341.88,43.0,89.0,2.0
691.92,19.0,61.00000000000001,0.0
50.43,32.0,51.00000000000001,0.0
440.43,78.0,22.999999999999996,1.0
299.03,39.0,52.00000000000001,0.0
1.98,66.0,170.0,1.0
173.45,31.0,161.0,0.0
438.76,22.0,73.0,0.0
519.62,71.0,40.0,1.0
738.68,50.0,123.99999999999999,2.0
151.14,64.0,37.99999999999999,
75.77,51.0,148.0,2.0
444.52,27.0,17.0,0.0
5.29,52.0,276.0,2.0
97.63,48.0,127.0,2.0
256.95,26.0,71.0,0.0
734.86,48.0,290.0,2.0
84.28,39.0,142.0,0.0
202.49,48.0,69.00000000000001,
154.99,25.0,53.00000000000001,0.0
481.5299999999999,58.0,277.0,2.0
172.92,20.0,212.0,
275.59,53.0,238.0,2.0
207.2,60.0,133.0,1.0
136.82,31.0,14.0,0.0
26.3,32.0,33.0,0.0
319.5,29.0,69.00000000000001,0.0
182.42,51.0,137.0,2.0
716.62,44.0,241.0,
222.96,65.0,150.0,1.0
79.77,68.0,167.0,1.0
431.08,44.67844382691544,25.000000000000004,2.0
592.24,52.0,140.0,2.0
200.19,52.0,107.99999999999999,2.0
297.5,73.0,80.0,1.0
345.86,51.0,145.0,2.0
343.88,63.0,97.0,
16.52,25.0,135.0,0.0
162.1,41.0,151.0,2.0
36.12,22.0,234.0,0.0
354.91,74.0,191.0,1.0
38.41,40.0,117.0,2.0
53.52,49.0,55.0,
498.59,44.67844382691544,138.0,2.0
13.3,23.0,63.0,0.0
189.65,21.0,60.00000000000001,0.0
255.32,80.0,26.999999999999996,1.0
230.51,51.0,56.0,2.0
237.74,61.0,151.99999999999997,
512.76,52.0,26.0,2.0
151.37,54.0,53.00000000000001,2.0
85.01,25.0,157.0,
444.47,57.0,61.00000000000001,2.0
55.98,24.0,87.0,
54.91,41.0,275.0,2.0
393.74,26.0,90.0,0.0
58.94,30.0,26.0,0.0
515.57,27.0,56.0,0.0
332.15,59.0,105.0,2.0
177.94,19.0,173.0,0.0
68.68,49.0,141.0,2.0
240.03,33.0,30.999999999999996,0.0
168.34,64.0,240.0,1.0
474.77,46.0,284.0,2.0
451.70000000000005,29.0,103.0,0.0
243.85,39.0,43.0,0.0
5.76,38.0,164.0,0.0
435.08,55.0,78.0,2.0
127.77999999999999,20.0,170.0,0.0
23.14,47.0,93.0,2.0
545.87,27.0,41.0,0.0
21.21,55.0,37.0,2.0
423.53,50.0,81.0,
142.1,18.0,109.0,0.0
114.15,19.0,52.00000000000001,0.0
275.98,72.0,67.0,1.0
590.68,27.0,22.999999999999996,0.0
152.42,42.0,176.0,2.0
395.77,43.0,118.0,2.0
615.16,26.0,140.0,0.0
207.82,19.0,30.0,0.0
220.52,57.0,151.99999999999997,2.0
281.47,34.0,142.0,0.0
57.910000000000004,58.0,97.0,2.0
30.480000000000004,32.0,78.0,0.0
424.47,22.0,116.00000000000001,0.0
228.4,67.0,116.00000000000001,
67.17,63.0,48.0,1.0
284.89,53.0,115.0,2.0
118.69,33.0,296.0,0.0
221.33,27.0,276.0,0.0
252.31,26.0,172.0,0.0
58.849999999999994,71.0,115.0,1.0
194.68,32.0,165.0,0.0
433.53,38.0,231.0,0.0
178.26,59.0,59.00000000000001,2.0
237.0,49.0,115.0,2.0
347.63,25.0,272.0,0.0
517.68,31.0,24.0,0.0
36.25,52.0,75.99999999999999,2.0
46.53,42.0,34.0,2.0
207.47,53.0,12.0,
199.7,43.0,285.0,2.0
307.89,62.0,90.0,
20.06,27.0,144.0,0.0
236.57,79.0,112.0,1.0
0.32,39.0,136.0,
14.279999999999998,23.0,81.0,0.0
232.35000000000002,33.0,153.0,0.0
317.53,44.0,104.0,2.0
74.67,43.0,283.0,2.0
65.01,29.0,67.0,0.0
0.45,34.0,172.0,
364.13,63.0,61.00000000000001,1.0
222.66,39.0,88.0,0.0
638.24,48.0,64.0,2.0
241.21000000000004,31.0,107.99999999999999,0.0
171.16,51.0,42.00000000000001,2.0
37.65,27.0,109.0,
25.77,68.0,18.0,1.0
789.8,40.0,94.0,2.0
806.97,25.0,11.0,0.0
364.81,25.0,53.00000000000001,0.0
490.81999999999994,26.0,114.0,0.0
311.28,49.0,198.0,2.0
85.03,51.0,48.0,2.0
307.75,64.0,63.0,1.0
333.67,36.0,68.00000000000001,0.0
372.08,66.0,63.0,1.0
502.90000000000003,26.0,141.0,
103.81,36.0,34.0,0.0
69.43,30.0,162.0,
110.4,56.0,61.99999999999999,2.0
275.65,28.0,14.0,0.0
251.8,62.0,102.0,1.0
334.07,59.0,200.00000000000003,2.0
52.44,27.0,87.0,0.0
141.37,46.0,77.0,2.0
211.7,50.0,205.0,2.0
308.23,60.0,22.999999999999996,1.0
111.41,21.0,181.0,
675.49,61.0,159.0,1.0
29.72,26.0,37.99999999999999,0.0
301.73,67.0,163.0,1.0
294.61,60.0,74.0,1.0
106.43,52.0,164.0,2.0
381.52,36.0,79.0,0.0
5.66,40.0,33.0,2.0
209.09,48.0,203.0,2.0
521.81,47.0,34.0,2.0
588.36,33.0,134.0,0.0
146.67,20.0,273.0,0.0
57.34,27.0,81.0,0.0
294.77,77.0,101.0,1.0
881.32,31.0,59.00000000000001,0.0
162.59,64.0,18.999999999999996,1.0
56.15,31.0,77.0,0.0
524.55,39.0,175.0,0.0
535.4,23.0,110.0,0.0
56.84,45.0,185.0,2.0
135.94,71.0,258.0,1.0
47.1,42.0,178.0,2.0
124.05,61.0,220.0,1.0
802.89,19.0,175.0,0.0
193.16,64.0,109.0,1.0
541.52,48.0,161.0,2.0
20.17,77.0,86.0,1.0
35.98,40.0,133.0,2.0
273.24,51.0,173.0,2.0
663.45,67.0,147.0,1.0
343.86,57.0,70.0,2.0
75.43,77.0,266.0,1.0
414.64,32.0,74.0,0.0
86.79,33.0,166.0,0.0
14.1,45.0,73.0,2.0
63.33,23.0,123.99999999999999,0.0
606.27,29.0,42.00000000000001,0.0
4.47,27.0,132.0,
289.01,66.0,96.0,1.0
338.69,18.0,169.0,0.0
97.73,69.0,156.0,1.0
27.61,54.0,26.0,2.0
284.17,51.0,189.0,2.0
76.21,22.0,69.00000000000001,
584.51,74.0,75.99999999999999,1.0
432.18,18.0,162.0,0.0
134.55,59.0,165.0,2.0
61.660000000000004,26.0,86.0,
12.35,25.0,22.0,0.0
213.25,25.0,63.0,0.0
34.93,31.0,72.0,0.0
335.68,24.0,142.0,0.0
423.96,43.0,75.0,2.0
220.82,42.0,30.999999999999996,2.0
717.36,22.0,138.0,0.0
406.12,42.0,106.0,2.0
427.83,47.0,29.000000000000004,2.0
416.62,26.0,67.0,0.0
21.9,28.0,30.0,0.0
393.68,55.0,141.0,2.0
281.91,25.0,269.0,0.0
239.85,70.0,50.00000000000001,
237.84,26.0,16.0,0.0
459.28999999999996,64.0,109.0,1.0
196.49,41.0,65.0,2.0
344.87,58.0,25.000000000000004,2.0
129.62,23.0,123.99999999999999,0.0
16.53,21.0,220.0,
277.02,46.0,227.0,2.0
13.02,51.0,42.00000000000001,2.0
199.02,22.0,185.0,0.0
684.5,29.0,75.99999999999999,0.0
45.92,26.0,22.999999999999996,0.0
761.73,19.0,26.999999999999996,0.0
331.38,42.0,122.0,2.0
602.8,60.0,173.0,1.0
64.12,57.0,222.0,2.0
57.38,28.0,86.0,0.0
94.64,28.0,144.0,
155.56,19.0,64.0,0.0
301.39,47.0,104.0,
136.31,74.0,65.0,1.0
4.39,26.0,63.0,0.0
429.25,29.0,107.0,0.0
138.54,60.0,93.0,1.0
33.03,21.0,28.0,
76.39,30.0,80.0,0.0
25.32,19.0,25.000000000000004,0.0
330.91,36.0,28.0,0.0
153.55,37.0,16.0,0.0
217.61,27.0,120.0,0.0
131.69,53.0,59.00000000000001,
68.49,67.0,49.0,1.0
470.62,57.0,127.0,2.0
385.35,38.0,269.0,0.0
74.72,26.0,132.0,0.0
352.03,27.0,219.0,
275.87,25.0,112.0,0.0
90.94,63.0,56.0,1.0
206.25,74.0,56.0,1.0
116.76000000000002,51.0,212.0,2.0
91.5,47.0,77.0,2.0
489.31,43.0,36.0,2.0
414.49,58.0,107.99999999999999,2.0
315.13,30.0,143.0,0.0
28.379999999999995,45.0,260.0,2.0
456.05,68.0,20.0,1.0
277.22,35.0,41.0,0.0
54.84,52.0,123.99999999999999,
29.92,68.0,63.0,1.0
133.06,35.0,143.0,0.0
14.340000000000002,67.0,24.0,1.0
468.32,69.0,151.99999999999997,1.0
245.61999999999998,23.0,127.0,0.0
83.6,47.0,192.0,2.0
331.22,61.0,161.0,1.0
57.489999999999995,24.0,177.0,0.0
157.56,43.0,159.0,2.0
230.3,46.0,24.0,
305.92,72.0,88.0,1.0
116.32999999999998,27.0,144.0,
537.71,19.0,175.0,0.0
538.17,27.0,252.0,0.0
219.44,42.0,22.999999999999996,
61.62,57.0,18.999999999999996,2.0
58.77,27.0,191.0,0.0
538.13,62.0,165.0,1.0
177.05,24.0,235.0,0.0
719.76,19.0,190.0,0.0
163.22,26.0,217.0,0.0
242.85000000000002,42.0,93.0,2.0
291.22,41.0,100.00000000000001,2.0
56.52,42.0,151.99999999999997,2.0
195.8,39.0,186.0,0.0
66.76,36.0,44.0,0.0
190.9,28.0,40.0,0.0
106.99,38.0,151.99999999999997,0.0
107.1,25.0,175.0,0.0
430.83,18.0,292.0,0.0
235.34000000000003,26.0,68.00000000000001,0.0
86.35,52.0,24.0,2.0
337.99,70.0,115.0,1.0
577.13,40.0,66.0,2.0
213.33,52.0,161.0,
54.52,32.0,164.0,0.0
100.13,44.67844382691544,168.00000000000003,
883.92,53.0,129.0,2.0
69.8,27.0,138.0,0.0
768.94,64.0,53.00000000000001,1.0
179.62,24.0,119.0,0.0
425.91,23.0,47.0,0.0
263.34,64.0,55.0,1.0
113.02999999999999,36.0,12.0,0.0
11.02,42.0,42.00000000000001,
865.17,24.0,161.0,
152.0,51.0,63.0,
270.39,25.0,104.0,0.0
246.41,54.0,22.999999999999996,2.0
336.84,22.0,100.00000000000001,0.0
261.45,50.0,96.0,2.0
99.98,73.0,151.99999999999997,1.0
400.69,32.0,26.0,0.0
411.47,26.0,120.0,0.0
204.63,52.0,91.99999999999999,2.0
421.56,53.0,144.0,2.0
193.38,18.0,285.0,0.0
377.04,34.0,64.0,0.0
54.1,28.0,17.0,0.0
18.1,57.0,66.0,2.0
408.62,48.0,159.0,2.0
162.1,64.0,221.0,1.0
165.31,49.0,28.0,2.0
856.9,36.0,150.0,0.0
433.9,65.0,37.0,1.0
271.22,45.0,87.0,2.0
307.68,75.0,162.0,1.0
348.17,21.0,181.0,0.0
43.1,44.67844382691544,102.0,2.0
557.78,26.0,102.0,0.0
325.6,69.0,88.0,1.0
235.82999999999998,53.0,169.0,2.0
603.54,44.0,26.0,2.0
270.25,31.0,42.00000000000001,0.0
123.38,59.0,40.0,2.0
577.12,39.0,69.00000000000001,
92.24,60.0,93.0,
856.21,33.0,109.0,0.0
251.54,48.0,177.0,2.0
28.629999999999995,56.0,146.0,
185.97,23.0,18.999999999999996,0.0
243.08,24.0,93.0,0.0
313.69,73.0,151.99999999999997,1.0
12.18,76.0,77.0,1.0
232.12,37.0,51.00000000000001,0.0
198.62,27.0,84.00000000000001,0.0
